/*
-- Fix misc sql
*/

UPDATE `creature_template` SET `AIName`='' WHERE `entry`='20159';

-- Disable Training Dummy Move

UPDATE `creature_template` SET `AIName`='NullAI' WHERE `entry`='31146';
UPDATE `creature_template` SET `AIName`='NullAI' WHERE `entry`='32667';
UPDATE `creature_template` SET `AIName`='NullAI' WHERE `entry`='32666';
UPDATE `creature_template` SET `AIName`='NullAI' WHERE `entry`='31144';
UPDATE `creature_template` SET `AIName`='NullAI' WHERE `entry`='33243';
UPDATE `creature_template` SET `AIName`='NullAI' WHERE `entry`='33272';
UPDATE `creature_template` SET `AIName`='NullAI' WHERE `entry`='33229';

-- Add auction npc for Dalaran
INSERT IGNORE INTO `creature_template` (`entry`,`difficulty_entry_1`,`difficulty_entry_2`,`difficulty_entry_3`,`KillCredit1`,`KillCredit2`,`modelid_1`,`modelid_2`,`modelid_3`,`modelid_4`,`name`,`subname`,`IconName`,`gossip_menu_id`,`minlevel`,`maxlevel`,`minhealth`,`maxhealth`,`PowerType`,`minmana`,`maxmana`,`armor`,`faction_A`,`faction_H`,`npcflag`,`speed_walk`,`speed_run`,`scale`,`rank`,`mindmg`,`maxdmg`,`dmgschool`,`attackpower`,`dmg_multiplier`,`baseattacktime`,`rangeattacktime`,`unit_class`,`unit_flags`,`dynamicflags`,`family`,`trainer_type`,`trainer_spell`,`trainer_class`,`trainer_race`,`minrangedmg`,`maxrangedmg`,`rangedattackpower`,`type`,`type_flags`,`lootid`,`pickpocketloot`,`skinloot`,`resistance1`,`resistance2`,`resistance3`,`resistance4`,`resistance5`,`resistance6`,`spell1`,`spell2`,`spell3`,`spell4`,`spell5`,`spell6`,`spell7`,`spell8`,`PetSpellDataId`,`mingold`,`maxgold`,`AIName`,`MovementType`,`InhabitType`,`unk16`,`unk17`,`RacialLeader`,`questItem1`,`questItem2`,`questItem3`,`questItem4`,`questItem5`,`questItem6`,`movementId`,`RegenHealth`,`vehicle_id`,`equipment_id`,`trainer_id`,`vendor_id`,`mechanic_immune_mask`,`flags_extra`,`ScriptName`) VALUES (50010,0,0,0,0,0,7993,0,7993,0,'El Comisario Navaro','Commissaire-priseur Neutre',NULL,0,50,50,2700,2700,0,0,0,0,35,35,2097152,1.1,1.14286,1,0,77,92,0,39,1,2000,0,0,36864,0,0,0,0,0,0,61.9,83.6,100,7,0,0,0,0,0,0,0,0,0,0,0,0,0,0,0,0,0,0,0,0,0,'',0,3,1,1,0,0,0,0,0,0,0,0,1,0,0,0,0,0,2,'');
INSERT IGNORE INTO `creature` (`guid`,`id`,`map`,`spawnMask`,`phaseMask`,`modelid`,`equipment_id`,`position_x`,`position_y`,`position_z`,`orientation`,`spawntimesecs`,`spawndist`,`currentwaypoint`,`curhealth`,`curmana`,`DeathState`,`MovementType`) VALUES (NULL,50010,571,1,1,0,0,5934.94,615.344,650.644,2.33115,25,5,0,2700,0,0,0);

-- Fix primordial saronite price at Dalaran reseller
UPDATE `npc_vendor` SET `ExtendedCost`=2744 WHERE `entry`='99321' and`item`='49908' and`ExtendedCost`='2723';

-- Add dalaran vendors
INSERT INTO `creature` (`guid`,`id`,`map`,`spawnMask`,`phaseMask`,`modelid`,`equipment_id`,`position_x`,`position_y`,`position_z`,`orientation`,`spawntimesecs`,`spawndist`,`currentwaypoint`,`curhealth`,`curmana`,`DeathState`,`MovementType`) VALUES
(4456415,32638,571,1,1,0,0,5912.78,656.225,643.736,4.79965,25,5,0,12600,0,0,0),
(4456414,32639,571,1,1,0,0,5917.2,653.693,643.849,3.77392,25,5,0,12600,0,0,0),
(4456417,32641,571,1,1,0,0,5889.39,648.388,645.88,5.94869,25,5,0,12600,0,0,0),
(4456416,32642,571,1,1,0,0,5891.23,650.926,645.858,5.56856,25,5,0,12600,0,0,0);

-- Quel Dalar exchange quest
INSERT IGNORE INTO `quest_template` (`entry`,`Method`,`ZoneOrSort`,`MinLevel`,`QuestLevel`,`Type`,`RequiredClasses`,`RequiredRaces`,`RequiredSkill`,`RequiredSkillValue`,`RepObjectiveFaction`,`RepObjectiveValue`,`RequiredMinRepFaction`,`RequiredMinRepValue`,`RequiredMaxRepFaction`,`RequiredMaxRepValue`,`SuggestedPlayers`,`LimitTime`,`QuestFlags`,`SpecialFlags`,`CharTitleId`,`PlayersSlain`,`BonusTalents`,`PrevQuestId`,`NextQuestId`,`ExclusiveGroup`,`NextQuestInChain`,`RewXPId`,`SrcItemId`,`SrcItemCount`,`SrcSpell`,`Title`,`Details`,`Objectives`,`OfferRewardText`,`RequestItemsText`,`EndText`,`CompletedText`,`ObjectiveText1`,`ObjectiveText2`,`ObjectiveText3`,`ObjectiveText4`,`ReqItemId1`,`ReqItemId2`,`ReqItemId3`,`ReqItemId4`,`ReqItemId5`,`ReqItemId6`,`ReqItemCount1`,`ReqItemCount2`,`ReqItemCount3`,`ReqItemCount4`,`ReqItemCount5`,`ReqItemCount6`,`ReqSourceId1`,`ReqSourceId2`,`ReqSourceId3`,`ReqSourceId4`,`ReqSourceCount1`,`ReqSourceCount2`,`ReqSourceCount3`,`ReqSourceCount4`,`ReqCreatureOrGOId1`,`ReqCreatureOrGOId2`,`ReqCreatureOrGOId3`,`ReqCreatureOrGOId4`,`ReqCreatureOrGOCount1`,`ReqCreatureOrGOCount2`,`ReqCreatureOrGOCount3`,`ReqCreatureOrGOCount4`,`ReqSpellCast1`,`ReqSpellCast2`,`ReqSpellCast3`,`ReqSpellCast4`,`RewChoiceItemId1`,`RewChoiceItemId2`,`RewChoiceItemId3`,`RewChoiceItemId4`,`RewChoiceItemId5`,`RewChoiceItemId6`,`RewChoiceItemCount1`,`RewChoiceItemCount2`,`RewChoiceItemCount3`,`RewChoiceItemCount4`,`RewChoiceItemCount5`,`RewChoiceItemCount6`,`RewItemId1`,`RewItemId2`,`RewItemId3`,`RewItemId4`,`RewItemCount1`,`RewItemCount2`,`RewItemCount3`,`RewItemCount4`,`RewRepFaction1`,`RewRepFaction2`,`RewRepFaction3`,`RewRepFaction4`,`RewRepFaction5`,`RewRepValueId1`,`RewRepValueId2`,`RewRepValueId3`,`RewRepValueId4`,`RewRepValueId5`,`RewRepValue1`,`RewRepValue2`,`RewRepValue3`,`RewRepValue4`,`RewRepValue5`,`RewHonorAddition`,`RewHonorMultiplier`,`RewOrReqMoney`,`RewMoneyMaxLevel`,`RewSpell`,`RewSpellCast`,`RewMailTemplateId`,`RewMailDelaySecs`,`PointMapId`,`PointX`,`PointY`,`PointOpt`,`DetailsEmote1`,`DetailsEmote2`,`DetailsEmote3`,`DetailsEmote4`,`DetailsEmoteDelay1`,`DetailsEmoteDelay2`,`DetailsEmoteDelay3`,`DetailsEmoteDelay4`,`IncompleteEmote`,`CompleteEmote`,`OfferRewardEmote1`,`OfferRewardEmote2`,`OfferRewardEmote3`,`OfferRewardEmote4`,`OfferRewardEmoteDelay1`,`OfferRewardEmoteDelay2`,`OfferRewardEmoteDelay3`,`OfferRewardEmoteDelay4`,`StartScript`,`CompleteScript`) VALUES (100003,2,4080,80,80,0,0,0,0,0,0,0,0,0,0,0,0,0,0,0,0,0,0,0,0,0,0,0,0,0,0,'Échanger La puissance du fidèle',NULL,'Échanger votre Quel''delar contre une autre arme...',NULL,NULL,NULL,NULL,NULL,NULL,NULL,NULL,50048,0,0,0,0,0,1,0,0,0,0,0,0,0,0,0,0,0,0,0,0,0,0,0,0,0,0,0,0,0,0,0,50050,50051,50052,0,0,0,1,1,1,0,0,0,0,0,0,0,0,0,0,0,0,0,0,0,0,0,0,0,0,0,0,0,0,0,0,0,0,0,0,0,0,0,0,0,0,0,0,0,0,0,0,0,0,0,0,0,0,0,0,0,0,0,0,0,0,0,0);
INSERT IGNORE INTO `quest_template` (`entry`,`Method`,`ZoneOrSort`,`MinLevel`,`QuestLevel`,`Type`,`RequiredClasses`,`RequiredRaces`,`RequiredSkill`,`RequiredSkillValue`,`RepObjectiveFaction`,`RepObjectiveValue`,`RequiredMinRepFaction`,`RequiredMinRepValue`,`RequiredMaxRepFaction`,`RequiredMaxRepValue`,`SuggestedPlayers`,`LimitTime`,`QuestFlags`,`SpecialFlags`,`CharTitleId`,`PlayersSlain`,`BonusTalents`,`PrevQuestId`,`NextQuestId`,`ExclusiveGroup`,`NextQuestInChain`,`RewXPId`,`SrcItemId`,`SrcItemCount`,`SrcSpell`,`Title`,`Details`,`Objectives`,`OfferRewardText`,`RequestItemsText`,`EndText`,`CompletedText`,`ObjectiveText1`,`ObjectiveText2`,`ObjectiveText3`,`ObjectiveText4`,`ReqItemId1`,`ReqItemId2`,`ReqItemId3`,`ReqItemId4`,`ReqItemId5`,`ReqItemId6`,`ReqItemCount1`,`ReqItemCount2`,`ReqItemCount3`,`ReqItemCount4`,`ReqItemCount5`,`ReqItemCount6`,`ReqSourceId1`,`ReqSourceId2`,`ReqSourceId3`,`ReqSourceId4`,`ReqSourceCount1`,`ReqSourceCount2`,`ReqSourceCount3`,`ReqSourceCount4`,`ReqCreatureOrGOId1`,`ReqCreatureOrGOId2`,`ReqCreatureOrGOId3`,`ReqCreatureOrGOId4`,`ReqCreatureOrGOCount1`,`ReqCreatureOrGOCount2`,`ReqCreatureOrGOCount3`,`ReqCreatureOrGOCount4`,`ReqSpellCast1`,`ReqSpellCast2`,`ReqSpellCast3`,`ReqSpellCast4`,`RewChoiceItemId1`,`RewChoiceItemId2`,`RewChoiceItemId3`,`RewChoiceItemId4`,`RewChoiceItemId5`,`RewChoiceItemId6`,`RewChoiceItemCount1`,`RewChoiceItemCount2`,`RewChoiceItemCount3`,`RewChoiceItemCount4`,`RewChoiceItemCount5`,`RewChoiceItemCount6`,`RewItemId1`,`RewItemId2`,`RewItemId3`,`RewItemId4`,`RewItemCount1`,`RewItemCount2`,`RewItemCount3`,`RewItemCount4`,`RewRepFaction1`,`RewRepFaction2`,`RewRepFaction3`,`RewRepFaction4`,`RewRepFaction5`,`RewRepValueId1`,`RewRepValueId2`,`RewRepValueId3`,`RewRepValueId4`,`RewRepValueId5`,`RewRepValue1`,`RewRepValue2`,`RewRepValue3`,`RewRepValue4`,`RewRepValue5`,`RewHonorAddition`,`RewHonorMultiplier`,`RewOrReqMoney`,`RewMoneyMaxLevel`,`RewSpell`,`RewSpellCast`,`RewMailTemplateId`,`RewMailDelaySecs`,`PointMapId`,`PointX`,`PointY`,`PointOpt`,`DetailsEmote1`,`DetailsEmote2`,`DetailsEmote3`,`DetailsEmote4`,`DetailsEmoteDelay1`,`DetailsEmoteDelay2`,`DetailsEmoteDelay3`,`DetailsEmoteDelay4`,`IncompleteEmote`,`CompleteEmote`,`OfferRewardEmote1`,`OfferRewardEmote2`,`OfferRewardEmote3`,`OfferRewardEmote4`,`OfferRewardEmoteDelay1`,`OfferRewardEmoteDelay2`,`OfferRewardEmoteDelay3`,`OfferRewardEmoteDelay4`,`StartScript`,`CompleteScript`) VALUES (100004,2,4080,80,80,0,0,0,0,0,0,0,0,0,0,0,0,0,0,0,0,0,0,0,0,0,0,0,0,0,0,'Échanger la Férocité du méprisé',NULL,'Échanger la Férocité du méprisé contre une autres arme...',NULL,NULL,NULL,NULL,NULL,NULL,NULL,NULL,50049,0,0,0,0,0,1,0,0,0,0,0,0,0,0,0,0,0,0,0,0,0,0,0,0,0,0,0,0,0,0,0,50050,50051,50052,0,0,0,1,1,1,0,0,0,0,0,0,0,0,0,0,0,0,0,0,0,0,0,0,0,0,0,0,0,0,0,0,0,0,0,0,0,0,0,0,0,0,0,0,0,0,0,0,0,0,0,0,0,0,0,0,0,0,0,0,0,0,0,0);
INSERT IGNORE INTO `quest_template` (`entry`,`Method`,`ZoneOrSort`,`MinLevel`,`QuestLevel`,`Type`,`RequiredClasses`,`RequiredRaces`,`RequiredSkill`,`RequiredSkillValue`,`RepObjectiveFaction`,`RepObjectiveValue`,`RequiredMinRepFaction`,`RequiredMinRepValue`,`RequiredMaxRepFaction`,`RequiredMaxRepValue`,`SuggestedPlayers`,`LimitTime`,`QuestFlags`,`SpecialFlags`,`CharTitleId`,`PlayersSlain`,`BonusTalents`,`PrevQuestId`,`NextQuestId`,`ExclusiveGroup`,`NextQuestInChain`,`RewXPId`,`SrcItemId`,`SrcItemCount`,`SrcSpell`,`Title`,`Details`,`Objectives`,`OfferRewardText`,`RequestItemsText`,`EndText`,`CompletedText`,`ObjectiveText1`,`ObjectiveText2`,`ObjectiveText3`,`ObjectiveText4`,`ReqItemId1`,`ReqItemId2`,`ReqItemId3`,`ReqItemId4`,`ReqItemId5`,`ReqItemId6`,`ReqItemCount1`,`ReqItemCount2`,`ReqItemCount3`,`ReqItemCount4`,`ReqItemCount5`,`ReqItemCount6`,`ReqSourceId1`,`ReqSourceId2`,`ReqSourceId3`,`ReqSourceId4`,`ReqSourceCount1`,`ReqSourceCount2`,`ReqSourceCount3`,`ReqSourceCount4`,`ReqCreatureOrGOId1`,`ReqCreatureOrGOId2`,`ReqCreatureOrGOId3`,`ReqCreatureOrGOId4`,`ReqCreatureOrGOCount1`,`ReqCreatureOrGOCount2`,`ReqCreatureOrGOCount3`,`ReqCreatureOrGOCount4`,`ReqSpellCast1`,`ReqSpellCast2`,`ReqSpellCast3`,`ReqSpellCast4`,`RewChoiceItemId1`,`RewChoiceItemId2`,`RewChoiceItemId3`,`RewChoiceItemId4`,`RewChoiceItemId5`,`RewChoiceItemId6`,`RewChoiceItemCount1`,`RewChoiceItemCount2`,`RewChoiceItemCount3`,`RewChoiceItemCount4`,`RewChoiceItemCount5`,`RewChoiceItemCount6`,`RewItemId1`,`RewItemId2`,`RewItemId3`,`RewItemId4`,`RewItemCount1`,`RewItemCount2`,`RewItemCount3`,`RewItemCount4`,`RewRepFaction1`,`RewRepFaction2`,`RewRepFaction3`,`RewRepFaction4`,`RewRepFaction5`,`RewRepValueId1`,`RewRepValueId2`,`RewRepValueId3`,`RewRepValueId4`,`RewRepValueId5`,`RewRepValue1`,`RewRepValue2`,`RewRepValue3`,`RewRepValue4`,`RewRepValue5`,`RewHonorAddition`,`RewHonorMultiplier`,`RewOrReqMoney`,`RewMoneyMaxLevel`,`RewSpell`,`RewSpellCast`,`RewMailTemplateId`,`RewMailDelaySecs`,`PointMapId`,`PointX`,`PointY`,`PointOpt`,`DetailsEmote1`,`DetailsEmote2`,`DetailsEmote3`,`DetailsEmote4`,`DetailsEmoteDelay1`,`DetailsEmoteDelay2`,`DetailsEmoteDelay3`,`DetailsEmoteDelay4`,`IncompleteEmote`,`CompleteEmote`,`OfferRewardEmote1`,`OfferRewardEmote2`,`OfferRewardEmote3`,`OfferRewardEmote4`,`OfferRewardEmoteDelay1`,`OfferRewardEmoteDelay2`,`OfferRewardEmoteDelay3`,`OfferRewardEmoteDelay4`,`StartScript`,`CompleteScript`) VALUES (100005,2,4080,80,80,0,0,0,0,0,0,0,0,0,0,0,0,0,0,0,0,0,0,0,0,0,0,0,0,0,0,'Échanger la Ruse de l''ombre',NULL,'Échanger la Ruse de l''ombre conte une autre arme...',NULL,NULL,NULL,NULL,NULL,NULL,NULL,NULL,50046,0,0,0,0,0,1,0,0,0,0,0,0,0,0,0,0,0,0,0,0,0,0,0,0,0,0,0,0,0,0,0,50050,50051,50052,0,0,0,1,1,1,0,0,0,0,0,0,0,0,0,0,0,0,0,0,0,0,0,0,0,0,0,0,0,0,0,0,0,0,0,0,0,0,0,0,0,0,0,0,0,0,0,0,0,0,0,0,0,0,0,0,0,0,0,0,0,0,0,0);
INSERT IGNORE INTO `quest_template` (`entry`,`Method`,`ZoneOrSort`,`MinLevel`,`QuestLevel`,`Type`,`RequiredClasses`,`RequiredRaces`,`RequiredSkill`,`RequiredSkillValue`,`RepObjectiveFaction`,`RepObjectiveValue`,`RequiredMinRepFaction`,`RequiredMinRepValue`,`RequiredMaxRepFaction`,`RequiredMaxRepValue`,`SuggestedPlayers`,`LimitTime`,`QuestFlags`,`SpecialFlags`,`CharTitleId`,`PlayersSlain`,`BonusTalents`,`PrevQuestId`,`NextQuestId`,`ExclusiveGroup`,`NextQuestInChain`,`RewXPId`,`SrcItemId`,`SrcItemCount`,`SrcSpell`,`Title`,`Details`,`Objectives`,`OfferRewardText`,`RequestItemsText`,`EndText`,`CompletedText`,`ObjectiveText1`,`ObjectiveText2`,`ObjectiveText3`,`ObjectiveText4`,`ReqItemId1`,`ReqItemId2`,`ReqItemId3`,`ReqItemId4`,`ReqItemId5`,`ReqItemId6`,`ReqItemCount1`,`ReqItemCount2`,`ReqItemCount3`,`ReqItemCount4`,`ReqItemCount5`,`ReqItemCount6`,`ReqSourceId1`,`ReqSourceId2`,`ReqSourceId3`,`ReqSourceId4`,`ReqSourceCount1`,`ReqSourceCount2`,`ReqSourceCount3`,`ReqSourceCount4`,`ReqCreatureOrGOId1`,`ReqCreatureOrGOId2`,`ReqCreatureOrGOId3`,`ReqCreatureOrGOId4`,`ReqCreatureOrGOCount1`,`ReqCreatureOrGOCount2`,`ReqCreatureOrGOCount3`,`ReqCreatureOrGOCount4`,`ReqSpellCast1`,`ReqSpellCast2`,`ReqSpellCast3`,`ReqSpellCast4`,`RewChoiceItemId1`,`RewChoiceItemId2`,`RewChoiceItemId3`,`RewChoiceItemId4`,`RewChoiceItemId5`,`RewChoiceItemId6`,`RewChoiceItemCount1`,`RewChoiceItemCount2`,`RewChoiceItemCount3`,`RewChoiceItemCount4`,`RewChoiceItemCount5`,`RewChoiceItemCount6`,`RewItemId1`,`RewItemId2`,`RewItemId3`,`RewItemId4`,`RewItemCount1`,`RewItemCount2`,`RewItemCount3`,`RewItemCount4`,`RewRepFaction1`,`RewRepFaction2`,`RewRepFaction3`,`RewRepFaction4`,`RewRepFaction5`,`RewRepValueId1`,`RewRepValueId2`,`RewRepValueId3`,`RewRepValueId4`,`RewRepValueId5`,`RewRepValue1`,`RewRepValue2`,`RewRepValue3`,`RewRepValue4`,`RewRepValue5`,`RewHonorAddition`,`RewHonorMultiplier`,`RewOrReqMoney`,`RewMoneyMaxLevel`,`RewSpell`,`RewSpellCast`,`RewMailTemplateId`,`RewMailDelaySecs`,`PointMapId`,`PointX`,`PointY`,`PointOpt`,`DetailsEmote1`,`DetailsEmote2`,`DetailsEmote3`,`DetailsEmote4`,`DetailsEmoteDelay1`,`DetailsEmoteDelay2`,`DetailsEmoteDelay3`,`DetailsEmoteDelay4`,`IncompleteEmote`,`CompleteEmote`,`OfferRewardEmote1`,`OfferRewardEmote2`,`OfferRewardEmote3`,`OfferRewardEmote4`,`OfferRewardEmoteDelay1`,`OfferRewardEmoteDelay2`,`OfferRewardEmoteDelay3`,`OfferRewardEmoteDelay4`,`StartScript`,`CompleteScript`) VALUES (100006,2,4080,80,80,0,0,0,0,0,0,0,0,0,0,0,0,0,0,0,0,0,0,0,0,0,0,0,0,0,0,'Échanger le Focalisateur d''esprit',NULL,'Échanger le Focalisateur d''esprit contre une autre arme...',NULL,NULL,NULL,NULL,NULL,NULL,NULL,NULL,50047,0,0,0,0,0,1,0,0,0,0,0,0,0,0,0,0,0,0,0,0,0,0,0,0,0,0,0,0,0,0,0,50050,50051,50052,0,0,0,1,1,1,0,0,0,0,0,0,0,0,0,0,0,0,0,0,0,0,0,0,0,0,0,0,0,0,0,0,0,0,0,0,0,0,0,0,0,0,0,0,0,0,0,0,0,0,0,0,0,0,0,0,0,0,0,0,0,0,0,0);
INSERT IGNORE INTO `creature_questrelation` (`id`,`quest`) VALUES (30115,100003);
INSERT IGNORE INTO `creature_questrelation` (`id`,`quest`) VALUES (30115,100004);
INSERT IGNORE INTO `creature_questrelation` (`id`,`quest`) VALUES (30115,100005);
INSERT IGNORE INTO `creature_questrelation` (`id`,`quest`) VALUES (30115,100006);
INSERT IGNORE INTO `creature_questrelation` (`id`,`quest`) VALUES (30116,100003);
INSERT IGNORE INTO `creature_questrelation` (`id`,`quest`) VALUES (30116,100004);
INSERT IGNORE INTO `creature_questrelation` (`id`,`quest`) VALUES (30116,100005);
INSERT IGNORE INTO `creature_questrelation` (`id`,`quest`) VALUES (30116,100006);
INSERT IGNORE INTO `creature_involvedrelation` (`id`,`quest`) VALUES (30115,100003);
INSERT IGNORE INTO `creature_involvedrelation` (`id`,`quest`) VALUES (30115,100004);
INSERT IGNORE INTO `creature_involvedrelation` (`id`,`quest`) VALUES (30115,100005);
INSERT IGNORE INTO `creature_involvedrelation` (`id`,`quest`) VALUES (30115,100006);
INSERT IGNORE INTO `creature_involvedrelation` (`id`,`quest`) VALUES (30116,100003);
INSERT IGNORE INTO `creature_involvedrelation` (`id`,`quest`) VALUES (30116,100004);
INSERT IGNORE INTO `creature_involvedrelation` (`id`,`quest`) VALUES (30116,100005);
INSERT IGNORE INTO `creature_involvedrelation` (`id`,`quest`) VALUES (30116,100006);
